clauses,T,s,epochs,train_accuracy,test_accuracy,train_precision,test_precision,train_recall,test_recall,train_f1_score,test_f1_score
20000,16000,100,100,0.999940305635148,0.8965809893307468,0.9999403128155612,0.896594215157423,0.999940305635148,0.8965809893307468,0.9999403056619517,0.8965812234429801
